[{"model": "auth.permission", "pk": 1, "fields": {"name": "Can add log entry", "content_type": 1, "codename": "add_logentry"}}, {"model": "auth.permission", "pk": 2, "fields": {"name": "Can change log entry", "content_type": 1, "codename": "change_logentry"}}, {"model": "auth.permission", "pk": 3, "fields": {"name": "Can delete log entry", "content_type": 1, "codename": "delete_logentry"}}, {"model": "auth.permission", "pk": 4, "fields": {"name": "Can view log entry", "content_type": 1, "codename": "view_logentry"}}, {"model": "auth.permission", "pk": 5, "fields": {"name": "Can add permission", "content_type": 2, "codename": "add_permission"}}, {"model": "auth.permission", "pk": 6, "fields": {"name": "Can change permission", "content_type": 2, "codename": "change_permission"}}, {"model": "auth.permission", "pk": 7, "fields": {"name": "Can delete permission", "content_type": 2, "codename": "delete_permission"}}, {"model": "auth.permission", "pk": 8, "fields": {"name": "Can view permission", "content_type": 2, "codename": "view_permission"}}, {"model": "auth.permission", "pk": 9, "fields": {"name": "Can add group", "content_type": 3, "codename": "add_group"}}, {"model": "auth.permission", "pk": 10, "fields": {"name": "Can change group", "content_type": 3, "codename": "change_group"}}, {"model": "auth.permission", "pk": 11, "fields": {"name": "Can delete group", "content_type": 3, "codename": "delete_group"}}, {"model": "auth.permission", "pk": 12, "fields": {"name": "Can view group", "content_type": 3, "codename": "view_group"}}, {"model": "auth.permission", "pk": 13, "fields": {"name": "Can add user", "content_type": 4, "codename": "add_user"}}, {"model": "auth.permission", "pk": 14, "fields": {"name": "Can change user", "content_type": 4, "codename": "change_user"}}, {"model": "auth.permission", "pk": 15, "fields": {"name": "Can delete user", "content_type": 4, "codename": "delete_user"}}, {"model": "auth.permission", "pk": 16, "fields": {"name": "Can view user", "content_type": 4, "codename": "view_user"}}, {"model": "auth.permission", "pk": 17, "fields": {"name": "Can add content type", "content_type": 5, "codename": "add_contenttype"}}, {"model": "auth.permission", "pk": 18, "fields": {"name": "Can change content type", "content_type": 5, "codename": "change_contenttype"}}, {"model": "auth.permission", "pk": 19, "fields": {"name": "Can delete content type", "content_type": 5, "codename": "delete_contenttype"}}, {"model": "auth.permission", "pk": 20, "fields": {"name": "Can view content type", "content_type": 5, "codename": "view_contenttype"}}, {"model": "auth.permission", "pk": 21, "fields": {"name": "Can add session", "content_type": 6, "codename": "add_session"}}, {"model": "auth.permission", "pk": 22, "fields": {"name": "Can change session", "content_type": 6, "codename": "change_session"}}, {"model": "auth.permission", "pk": 23, "fields": {"name": "Can delete session", "content_type": 6, "codename": "delete_session"}}, {"model": "auth.permission", "pk": 24, "fields": {"name": "Can view session", "content_type": 6, "codename": "view_session"}}, {"model": "auth.permission", "pk": 25, "fields": {"name": "Can add order", "content_type": 7, "codename": "add_order"}}, {"model": "auth.permission", "pk": 26, "fields": {"name": "Can change order", "content_type": 7, "codename": "change_order"}}, {"model": "auth.permission", "pk": 27, "fields": {"name": "Can delete order", "content_type": 7, "codename": "delete_order"}}, {"model": "auth.permission", "pk": 28, "fields": {"name": "Can view order", "content_type": 7, "codename": "view_order"}}, {"model": "auth.permission", "pk": 29, "fields": {"name": "Can add item", "content_type": 8, "codename": "add_item"}}, {"model": "auth.permission", "pk": 30, "fields": {"name": "Can change item", "content_type": 8, "codename": "change_item"}}, {"model": "auth.permission", "pk": 31, "fields": {"name": "Can delete item", "content_type": 8, "codename": "delete_item"}}, {"model": "auth.permission", "pk": 32, "fields": {"name": "Can view item", "content_type": 8, "codename": "view_item"}}, {"model": "auth.permission", "pk": 33, "fields": {"name": "Can add card", "content_type": 9, "codename": "add_card"}}, {"model": "auth.permission", "pk": 34, "fields": {"name": "Can change card", "content_type": 9, "codename": "change_card"}}, {"model": "auth.permission", "pk": 35, "fields": {"name": "Can delete card", "content_type": 9, "codename": "delete_card"}}, {"model": "auth.permission", "pk": 36, "fields": {"name": "Can view card", "content_type": 9, "codename": "view_card"}}, {"model": "auth.permission", "pk": 37, "fields": {"name": "Can add basket", "content_type": 10, "codename": "add_basket"}}, {"model": "auth.permission", "pk": 38, "fields": {"name": "Can change basket", "content_type": 10, "codename": "change_basket"}}, {"model": "auth.permission", "pk": 39, "fields": {"name": "Can delete basket", "content_type": 10, "codename": "delete_basket"}}, {"model": "auth.permission", "pk": 40, "fields": {"name": "Can view basket", "content_type": 10, "codename": "view_basket"}}, {"model": "auth.user", "pk": 1, "fields": {"password": "pbkdf2_sha256$390000$NIC3F7jXaM3OtmeoMRCyqS$Cm2uy+bzLLRAV/6DUS8OaA67X+zM3j3PLI56ZSRb6Ho=", "last_login": "2023-02-05T19:04:02.082Z", "is_superuser": true, "username": "admin", "first_name": "", "last_name": "", "email": "test@test.test", "is_staff": true, "is_active": true, "date_joined": "2023-02-05T19:03:52.982Z", "groups": [], "user_permissions": []}}, {"model": "contenttypes.contenttype", "pk": 1, "fields": {"app_label": "admin", "model": "logentry"}}, {"model": "contenttypes.contenttype", "pk": 2, "fields": {"app_label": "auth", "model": "permission"}}, {"model": "contenttypes.contenttype", "pk": 3, "fields": {"app_label": "auth", "model": "group"}}, {"model": "contenttypes.contenttype", "pk": 4, "fields": {"app_label": "auth", "model": "user"}}, {"model": "contenttypes.contenttype", "pk": 5, "fields": {"app_label": "contenttypes", "model": "contenttype"}}, {"model": "contenttypes.contenttype", "pk": 6, "fields": {"app_label": "sessions", "model": "session"}}, {"model": "contenttypes.contenttype", "pk": 7, "fields": {"app_label": "main_app", "model": "order"}}, {"model": "contenttypes.contenttype", "pk": 8, "fields": {"app_label": "main_app", "model": "item"}}, {"model": "contenttypes.contenttype", "pk": 9, "fields": {"app_label": "main_app", "model": "card"}}, {"model": "contenttypes.contenttype", "pk": 10, "fields": {"app_label": "main_app", "model": "basket"}}, {"model": "sessions.session", "pk": "lxrc2lirkqak56j6m0p2v2zxtjwah5xl", "fields": {"session_data": ".eJxVjEEOwiAQRe_C2hBoGaAu3XsGMgyMVA0kpV0Z765NutDtf-_9lwi4rSVsPS9hTuIstDj9bhHpkesO0h3rrUlqdV3mKHdFHrTLa0v5eTncv4OCvXzrmOOgMqFPA4Ah5okzG6cAmLRiADs5TXYEjVZ7p1L0MKIhb6LTjkfx_gD7azfZ:1pOkJ0:FzkHEzO8DvvKjF8s7-78ZNHrKNX-HsO4KwY-73bSQ18", "expire_date": "2023-02-19T19:04:02.085Z"}}, {"model": "main_app.card", "pk": 4, "fields": {"series": "A", "number": "1111111122222222", "release_date": "2023-02-05T17:00:00Z", "expire_date": "2027-02-05T17:00:00Z", "last_use_date": null, "purchases_sum": "0.00", "status": "Inactive", "discount_percent": "0.00", "deleted": false, "orders": [20, 21]}}, {"model": "main_app.card", "pk": 5, "fields": {"series": "B", "number": "3333444455556666", "release_date": "2023-02-05T17:05:00Z", "expire_date": "2027-02-05T17:05:00Z", "last_use_date": null, "purchases_sum": "0.00", "status": "Active", "discount_percent": "0.00", "deleted": false, "orders": []}}, {"model": "main_app.card", "pk": 6, "fields": {"series": "C", "number": "3333333344444444", "release_date": "2023-02-05T17:10:00Z", "expire_date": "2027-02-05T17:10:00Z", "last_use_date": "2023-06-02T16:00:00Z", "purchases_sum": "105.00", "status": "Inactive", "discount_percent": "5.00", "deleted": false, "orders": [1]}}, {"model": "main_app.card", "pk": 7, "fields": {"series": "C", "number": "8888888888888888", "release_date": "2023-02-07T18:43:00Z", "expire_date": "2027-02-07T18:43:00Z", "last_use_date": "2023-10-02T14:56:00Z", "purchases_sum": "783.00", "status": "Inactive", "discount_percent": "7.00", "deleted": false, "orders": [2]}}, {"model": "main_app.card", "pk": 8, "fields": {"series": "C", "number": "9999999999999999", "release_date": "2023-02-07T15:55:00Z", "expire_date": "2027-02-07T15:55:00Z", "last_use_date": null, "purchases_sum": "0.00", "status": "Inactive", "discount_percent": "0.00", "deleted": false, "orders": []}}, {"model": "main_app.card", "pk": 9, "fields": {"series": "C", "number": "4444333322221111", "release_date": "2023-02-01T07:44:00Z", "expire_date": "2027-02-01T07:44:00Z", "last_use_date": null, "purchases_sum": "0.00", "status": "Active", "discount_percent": "0.00", "deleted": true, "orders": []}}, {"model": "main_app.card", "pk": 10, "fields": {"series": "C", "number": "1234567890987654", "release_date": "2023-02-10T16:00:00Z", "expire_date": "2027-02-10T16:00:00Z", "last_use_date": null, "purchases_sum": "0.00", "status": "Active", "discount_percent": "0.00", "deleted": false, "orders": []}}, {"model": "main_app.card", "pk": 11, "fields": {"series": "A", "number": "5555550000555555", "release_date": "2020-12-13T20:50:00Z", "expire_date": "2022-12-13T20:50:00Z", "last_use_date": null, "purchases_sum": "0.00", "status": "Expired", "discount_percent": "0.00", "deleted": false, "orders": []}}, {"model": "main_app.card", "pk": 15, "fields": {"series": "D", "number": "0000000000000001", "release_date": "2023-02-07T21:30:00Z", "expire_date": "2023-02-16T21:29:59.999Z", "last_use_date": null, "purchases_sum": "0.00", "status": "Active", "discount_percent": "0.00", "deleted": false, "orders": []}}, {"model": "main_app.card", "pk": 16, "fields": {"series": "F", "number": "0000000000000001", "release_date": "2023-02-07T21:30:00Z", "expire_date": "2023-02-16T21:29:59.999Z", "last_use_date": null, "purchases_sum": "0.00", "status": "Active", "discount_percent": "0.00", "deleted": false, "orders": []}}, {"model": "main_app.card", "pk": 17, "fields": {"series": "FF", "number": "0000000000000001", "release_date": "2023-02-07T21:30:00Z", "expire_date": "2023-02-15T21:30:00Z", "last_use_date": null, "purchases_sum": "0.00", "status": "Active", "discount_percent": "0.00", "deleted": false, "orders": []}}, {"model": "main_app.card", "pk": 18, "fields": {"series": "FFF", "number": "0000000000000001", "release_date": "2023-02-07T21:30:00Z", "expire_date": "2023-02-15T21:30:00Z", "last_use_date": null, "purchases_sum": "0.00", "status": "Active", "discount_percent": "0.00", "deleted": true, "orders": []}}, {"model": "main_app.card", "pk": 19, "fields": {"series": "G", "number": "0000000000000001", "release_date": "2023-02-07T21:30:00Z", "expire_date": "2023-02-15T21:30:00Z", "last_use_date": null, "purchases_sum": "0.00", "status": "Inactive", "discount_percent": "0.00", "deleted": false, "orders": []}}, {"model": "main_app.card", "pk": 20, "fields": {"series": "G", "number": "0000000000000002", "release_date": "2023-02-07T21:30:00Z", "expire_date": "2023-02-15T21:30:00Z", "last_use_date": null, "purchases_sum": "0.00", "status": "Inactive", "discount_percent": "0.00", "deleted": false, "orders": []}}, {"model": "main_app.card", "pk": 21, "fields": {"series": "G", "number": "0000000000000003", "release_date": "2023-02-07T21:30:00Z", "expire_date": "2023-02-15T21:30:00Z", "last_use_date": null, "purchases_sum": "0.00", "status": "Inactive", "discount_percent": "0.00", "deleted": false, "orders": []}}, {"model": "main_app.card", "pk": 22, "fields": {"series": "G", "number": "0000000000000004", "release_date": "2023-02-07T21:30:00Z", "expire_date": "2023-02-15T21:30:00Z", "last_use_date": null, "purchases_sum": "0.00", "status": "Inactive", "discount_percent": "0.00", "deleted": false, "orders": []}}, {"model": "main_app.card", "pk": 23, "fields": {"series": "G", "number": "0000000000000005", "release_date": "2023-02-07T21:30:00Z", "expire_date": "2023-02-15T21:30:00Z", "last_use_date": null, "purchases_sum": "0.00", "status": "Inactive", "discount_percent": "0.00", "deleted": false, "orders": []}}, {"model": "main_app.card", "pk": 24, "fields": {"series": "G", "number": "0000000000000006", "release_date": "2023-02-07T21:30:00Z", "expire_date": "2023-02-15T21:30:00Z", "last_use_date": null, "purchases_sum": "0.00", "status": "Inactive", "discount_percent": "0.00", "deleted": false, "orders": []}}, {"model": "main_app.card", "pk": 25, "fields": {"series": "G", "number": "0000000000000007", "release_date": "2023-02-07T21:30:00Z", "expire_date": "2023-02-15T21:30:00Z", "last_use_date": null, "purchases_sum": "0.00", "status": "Inactive", "discount_percent": "0.00", "deleted": false, "orders": []}}, {"model": "main_app.card", "pk": 26, "fields": {"series": "G", "number": "0000000000000008", "release_date": "2023-02-07T21:30:00Z", "expire_date": "2023-02-15T21:30:00Z", "last_use_date": null, "purchases_sum": "0.00", "status": "Inactive", "discount_percent": "0.00", "deleted": false, "orders": []}}, {"model": "main_app.card", "pk": 27, "fields": {"series": "G", "number": "0000000000000009", "release_date": "2023-02-07T21:30:00Z", "expire_date": "2023-02-15T21:30:00Z", "last_use_date": null, "purchases_sum": "0.00", "status": "Inactive", "discount_percent": "0.00", "deleted": false, "orders": []}}, {"model": "main_app.card", "pk": 28, "fields": {"series": "G", "number": "0000000000000010", "release_date": "2023-02-07T21:30:00Z", "expire_date": "2023-02-15T21:30:00Z", "last_use_date": null, "purchases_sum": "0.00", "status": "Inactive", "discount_percent": "0.00", "deleted": false, "orders": []}}, {"model": "main_app.card", "pk": 29, "fields": {"series": "G", "number": "0000000000000011", "release_date": "2023-02-07T21:30:00Z", "expire_date": "2023-02-15T21:30:00Z", "last_use_date": null, "purchases_sum": "0.00", "status": "Inactive", "discount_percent": "0.00", "deleted": false, "orders": []}}, {"model": "main_app.card", "pk": 30, "fields": {"series": "G", "number": "0000000000000012", "release_date": "2023-02-07T21:30:00Z", "expire_date": "2023-02-15T21:30:00Z", "last_use_date": null, "purchases_sum": "0.00", "status": "Inactive", "discount_percent": "0.00", "deleted": false, "orders": []}}, {"model": "main_app.card", "pk": 31, "fields": {"series": "G", "number": "0000000000000013", "release_date": "2023-02-07T21:30:00Z", "expire_date": "2023-02-15T21:30:00Z", "last_use_date": null, "purchases_sum": "0.00", "status": "Inactive", "discount_percent": "0.00", "deleted": false, "orders": []}}, {"model": "main_app.card", "pk": 32, "fields": {"series": "G", "number": "0000000000000014", "release_date": "2023-02-07T21:30:00Z", "expire_date": "2023-02-15T21:30:00Z", "last_use_date": null, "purchases_sum": "0.00", "status": "Inactive", "discount_percent": "0.00", "deleted": false, "orders": []}}, {"model": "main_app.card", "pk": 33, "fields": {"series": "G", "number": "0000000000000015", "release_date": "2023-02-07T21:30:00Z", "expire_date": "2023-02-15T21:30:00Z", "last_use_date": null, "purchases_sum": "0.00", "status": "Inactive", "discount_percent": "0.00", "deleted": false, "orders": []}}, {"model": "main_app.card", "pk": 34, "fields": {"series": "G", "number": "0000000000000016", "release_date": "2023-02-07T21:30:00Z", "expire_date": "2023-02-15T21:30:00Z", "last_use_date": null, "purchases_sum": "0.00", "status": "Inactive", "discount_percent": "0.00", "deleted": false, "orders": []}}, {"model": "main_app.card", "pk": 35, "fields": {"series": "G", "number": "0000000000000017", "release_date": "2023-02-07T21:30:00Z", "expire_date": "2023-02-15T21:30:00Z", "last_use_date": null, "purchases_sum": "0.00", "status": "Inactive", "discount_percent": "0.00", "deleted": false, "orders": []}}, {"model": "main_app.card", "pk": 36, "fields": {"series": "G", "number": "0000000000000018", "release_date": "2023-02-07T21:30:00Z", "expire_date": "2023-02-15T21:30:00Z", "last_use_date": null, "purchases_sum": "0.00", "status": "Inactive", "discount_percent": "0.00", "deleted": false, "orders": []}}, {"model": "main_app.card", "pk": 37, "fields": {"series": "G", "number": "0000000000000019", "release_date": "2023-02-07T21:30:00Z", "expire_date": "2023-02-15T21:30:00Z", "last_use_date": null, "purchases_sum": "0.00", "status": "Inactive", "discount_percent": "0.00", "deleted": false, "orders": []}}, {"model": "main_app.card", "pk": 38, "fields": {"series": "G", "number": "0000000000000020", "release_date": "2023-02-07T21:30:00Z", "expire_date": "2023-02-15T21:30:00Z", "last_use_date": null, "purchases_sum": "0.00", "status": "Inactive", "discount_percent": "0.00", "deleted": false, "orders": []}}, {"model": "main_app.card", "pk": 39, "fields": {"series": "G", "number": "0000000000000021", "release_date": "2023-02-07T21:30:00Z", "expire_date": "2023-02-15T21:30:00Z", "last_use_date": null, "purchases_sum": "0.00", "status": "Inactive", "discount_percent": "0.00", "deleted": false, "orders": []}}, {"model": "main_app.card", "pk": 40, "fields": {"series": "G", "number": "0000000000000022", "release_date": "2023-02-07T21:30:00Z", "expire_date": "2023-02-15T21:30:00Z", "last_use_date": null, "purchases_sum": "0.00", "status": "Inactive", "discount_percent": "0.00", "deleted": false, "orders": []}}, {"model": "main_app.card", "pk": 41, "fields": {"series": "G", "number": "0000000000000023", "release_date": "2023-02-07T21:30:00Z", "expire_date": "2023-02-15T21:30:00Z", "last_use_date": null, "purchases_sum": "0.00", "status": "Inactive", "discount_percent": "0.00", "deleted": false, "orders": []}}, {"model": "main_app.card", "pk": 42, "fields": {"series": "G", "number": "0000000000000024", "release_date": "2023-02-07T21:30:00Z", "expire_date": "2023-02-15T21:30:00Z", "last_use_date": null, "purchases_sum": "0.00", "status": "Inactive", "discount_percent": "0.00", "deleted": false, "orders": []}}, {"model": "main_app.card", "pk": 43, "fields": {"series": "G", "number": "0000000000000025", "release_date": "2023-02-07T21:30:00Z", "expire_date": "2023-02-15T21:30:00Z", "last_use_date": null, "purchases_sum": "0.00", "status": "Inactive", "discount_percent": "0.00", "deleted": false, "orders": []}}, {"model": "main_app.card", "pk": 44, "fields": {"series": "G", "number": "0000000000000026", "release_date": "2023-02-07T21:30:00Z", "expire_date": "2023-02-15T21:30:00Z", "last_use_date": null, "purchases_sum": "0.00", "status": "Inactive", "discount_percent": "0.00", "deleted": false, "orders": []}}, {"model": "main_app.card", "pk": 45, "fields": {"series": "G", "number": "0000000000000027", "release_date": "2023-02-07T21:30:00Z", "expire_date": "2023-02-15T21:30:00Z", "last_use_date": null, "purchases_sum": "0.00", "status": "Inactive", "discount_percent": "0.00", "deleted": false, "orders": []}}, {"model": "main_app.card", "pk": 46, "fields": {"series": "G", "number": "0000000000000028", "release_date": "2023-02-07T21:30:00Z", "expire_date": "2023-02-15T21:30:00Z", "last_use_date": null, "purchases_sum": "0.00", "status": "Inactive", "discount_percent": "0.00", "deleted": false, "orders": []}}, {"model": "main_app.card", "pk": 47, "fields": {"series": "G", "number": "0000000000000029", "release_date": "2023-02-07T21:30:00Z", "expire_date": "2023-02-15T21:30:00Z", "last_use_date": null, "purchases_sum": "0.00", "status": "Inactive", "discount_percent": "0.00", "deleted": false, "orders": []}}, {"model": "main_app.card", "pk": 48, "fields": {"series": "G", "number": "0000000000000030", "release_date": "2023-02-07T21:30:00Z", "expire_date": "2023-02-15T21:30:00Z", "last_use_date": null, "purchases_sum": "0.00", "status": "Inactive", "discount_percent": "0.00", "deleted": false, "orders": []}}, {"model": "main_app.card", "pk": 49, "fields": {"series": "G", "number": "0000000000000031", "release_date": "2023-02-07T21:30:00Z", "expire_date": "2023-02-15T21:30:00Z", "last_use_date": null, "purchases_sum": "0.00", "status": "Inactive", "discount_percent": "0.00", "deleted": false, "orders": []}}, {"model": "main_app.card", "pk": 50, "fields": {"series": "G", "number": "0000000000000032", "release_date": "2023-02-07T21:30:00Z", "expire_date": "2023-02-15T21:30:00Z", "last_use_date": null, "purchases_sum": "0.00", "status": "Inactive", "discount_percent": "0.00", "deleted": false, "orders": []}}, {"model": "main_app.card", "pk": 51, "fields": {"series": "G", "number": "0000000000000033", "release_date": "2023-02-07T21:30:00Z", "expire_date": "2023-02-15T21:30:00Z", "last_use_date": null, "purchases_sum": "0.00", "status": "Inactive", "discount_percent": "0.00", "deleted": false, "orders": []}}, {"model": "main_app.card", "pk": 52, "fields": {"series": "G", "number": "0000000000000034", "release_date": "2023-02-07T21:30:00Z", "expire_date": "2023-02-15T21:30:00Z", "last_use_date": null, "purchases_sum": "0.00", "status": "Inactive", "discount_percent": "0.00", "deleted": false, "orders": []}}, {"model": "main_app.card", "pk": 53, "fields": {"series": "G", "number": "0000000000000035", "release_date": "2023-02-07T21:30:00Z", "expire_date": "2023-02-15T21:30:00Z", "last_use_date": null, "purchases_sum": "0.00", "status": "Inactive", "discount_percent": "0.00", "deleted": false, "orders": []}}, {"model": "main_app.card", "pk": 54, "fields": {"series": "G", "number": "0000000000000036", "release_date": "2023-02-07T21:30:00Z", "expire_date": "2023-02-15T21:30:00Z", "last_use_date": null, "purchases_sum": "0.00", "status": "Inactive", "discount_percent": "0.00", "deleted": false, "orders": []}}, {"model": "main_app.card", "pk": 55, "fields": {"series": "G", "number": "0000000000000037", "release_date": "2023-02-07T21:30:00Z", "expire_date": "2023-02-15T21:30:00Z", "last_use_date": null, "purchases_sum": "0.00", "status": "Inactive", "discount_percent": "0.00", "deleted": false, "orders": []}}, {"model": "main_app.card", "pk": 56, "fields": {"series": "G", "number": "0000000000000038", "release_date": "2023-02-07T21:30:00Z", "expire_date": "2023-02-15T21:30:00Z", "last_use_date": null, "purchases_sum": "0.00", "status": "Inactive", "discount_percent": "0.00", "deleted": false, "orders": []}}, {"model": "main_app.card", "pk": 57, "fields": {"series": "G", "number": "0000000000000039", "release_date": "2023-02-07T21:30:00Z", "expire_date": "2023-02-15T21:30:00Z", "last_use_date": null, "purchases_sum": "0.00", "status": "Inactive", "discount_percent": "0.00", "deleted": false, "orders": []}}, {"model": "main_app.card", "pk": 58, "fields": {"series": "G", "number": "0000000000000040", "release_date": "2023-02-07T21:30:00Z", "expire_date": "2023-02-15T21:30:00Z", "last_use_date": null, "purchases_sum": "0.00", "status": "Inactive", "discount_percent": "0.00", "deleted": false, "orders": []}}, {"model": "main_app.card", "pk": 59, "fields": {"series": "G", "number": "0000000000000041", "release_date": "2023-02-07T21:30:00Z", "expire_date": "2023-02-15T21:30:00Z", "last_use_date": null, "purchases_sum": "0.00", "status": "Inactive", "discount_percent": "0.00", "deleted": false, "orders": []}}, {"model": "main_app.card", "pk": 60, "fields": {"series": "G", "number": "0000000000000042", "release_date": "2023-02-07T21:30:00Z", "expire_date": "2023-02-15T21:30:00Z", "last_use_date": null, "purchases_sum": "0.00", "status": "Inactive", "discount_percent": "0.00", "deleted": false, "orders": []}}, {"model": "main_app.card", "pk": 61, "fields": {"series": "G", "number": "0000000000000043", "release_date": "2023-02-07T21:30:00Z", "expire_date": "2023-02-15T21:30:00Z", "last_use_date": null, "purchases_sum": "0.00", "status": "Inactive", "discount_percent": "0.00", "deleted": false, "orders": []}}, {"model": "main_app.card", "pk": 62, "fields": {"series": "G", "number": "0000000000000044", "release_date": "2023-02-07T21:30:00Z", "expire_date": "2023-02-15T21:30:00Z", "last_use_date": null, "purchases_sum": "0.00", "status": "Inactive", "discount_percent": "0.00", "deleted": false, "orders": []}}, {"model": "main_app.card", "pk": 63, "fields": {"series": "G", "number": "0000000000000045", "release_date": "2023-02-07T21:30:00Z", "expire_date": "2023-02-15T21:30:00Z", "last_use_date": null, "purchases_sum": "0.00", "status": "Inactive", "discount_percent": "0.00", "deleted": false, "orders": []}}, {"model": "main_app.card", "pk": 64, "fields": {"series": "G", "number": "0000000000000046", "release_date": "2023-02-07T21:30:00Z", "expire_date": "2023-02-15T21:30:00Z", "last_use_date": null, "purchases_sum": "0.00", "status": "Inactive", "discount_percent": "0.00", "deleted": false, "orders": []}}, {"model": "main_app.card", "pk": 65, "fields": {"series": "G", "number": "0000000000000047", "release_date": "2023-02-07T21:30:00Z", "expire_date": "2023-02-15T21:30:00Z", "last_use_date": null, "purchases_sum": "0.00", "status": "Inactive", "discount_percent": "0.00", "deleted": false, "orders": []}}, {"model": "main_app.card", "pk": 66, "fields": {"series": "G", "number": "0000000000000048", "release_date": "2023-02-07T21:30:00Z", "expire_date": "2023-02-15T21:30:00Z", "last_use_date": null, "purchases_sum": "0.00", "status": "Inactive", "discount_percent": "0.00", "deleted": false, "orders": []}}, {"model": "main_app.card", "pk": 67, "fields": {"series": "G", "number": "0000000000000049", "release_date": "2023-02-07T21:30:00Z", "expire_date": "2023-02-15T21:30:00Z", "last_use_date": null, "purchases_sum": "0.00", "status": "Inactive", "discount_percent": "0.00", "deleted": false, "orders": []}}, {"model": "main_app.card", "pk": 68, "fields": {"series": "G", "number": "0000000000000050", "release_date": "2023-02-07T21:30:00Z", "expire_date": "2023-02-15T21:30:00Z", "last_use_date": null, "purchases_sum": "0.00", "status": "Inactive", "discount_percent": "0.00", "deleted": false, "orders": []}}, {"model": "main_app.card", "pk": 69, "fields": {"series": "G", "number": "0000000000000051", "release_date": "2023-02-07T21:30:00Z", "expire_date": "2023-02-15T21:30:00Z", "last_use_date": null, "purchases_sum": "0.00", "status": "Inactive", "discount_percent": "0.00", "deleted": false, "orders": []}}, {"model": "main_app.card", "pk": 70, "fields": {"series": "G", "number": "0000000000000052", "release_date": "2023-02-07T21:30:00Z", "expire_date": "2023-02-15T21:30:00Z", "last_use_date": null, "purchases_sum": "0.00", "status": "Inactive", "discount_percent": "0.00", "deleted": false, "orders": []}}, {"model": "main_app.card", "pk": 71, "fields": {"series": "G", "number": "0000000000000053", "release_date": "2023-02-07T21:30:00Z", "expire_date": "2023-02-15T21:30:00Z", "last_use_date": null, "purchases_sum": "0.00", "status": "Inactive", "discount_percent": "0.00", "deleted": false, "orders": []}}, {"model": "main_app.card", "pk": 72, "fields": {"series": "G", "number": "0000000000000054", "release_date": "2023-02-07T21:30:00Z", "expire_date": "2023-02-15T21:30:00Z", "last_use_date": null, "purchases_sum": "0.00", "status": "Inactive", "discount_percent": "0.00", "deleted": false, "orders": []}}, {"model": "main_app.card", "pk": 73, "fields": {"series": "G", "number": "0000000000000055", "release_date": "2023-02-07T21:30:00Z", "expire_date": "2023-02-15T21:30:00Z", "last_use_date": null, "purchases_sum": "0.00", "status": "Inactive", "discount_percent": "0.00", "deleted": false, "orders": []}}, {"model": "main_app.card", "pk": 74, "fields": {"series": "G", "number": "0000000000000056", "release_date": "2023-02-07T21:30:00Z", "expire_date": "2023-02-15T21:30:00Z", "last_use_date": null, "purchases_sum": "0.00", "status": "Inactive", "discount_percent": "0.00", "deleted": false, "orders": []}}, {"model": "main_app.card", "pk": 75, "fields": {"series": "G", "number": "0000000000000057", "release_date": "2023-02-07T21:30:00Z", "expire_date": "2023-02-15T21:30:00Z", "last_use_date": null, "purchases_sum": "0.00", "status": "Inactive", "discount_percent": "0.00", "deleted": false, "orders": []}}, {"model": "main_app.card", "pk": 76, "fields": {"series": "G", "number": "0000000000000058", "release_date": "2023-02-07T21:30:00Z", "expire_date": "2023-02-15T21:30:00Z", "last_use_date": null, "purchases_sum": "0.00", "status": "Inactive", "discount_percent": "0.00", "deleted": false, "orders": []}}, {"model": "main_app.card", "pk": 77, "fields": {"series": "G", "number": "0000000000000059", "release_date": "2023-02-07T21:30:00Z", "expire_date": "2023-02-15T21:30:00Z", "last_use_date": null, "purchases_sum": "0.00", "status": "Inactive", "discount_percent": "0.00", "deleted": false, "orders": []}}, {"model": "main_app.card", "pk": 78, "fields": {"series": "G", "number": "0000000000000060", "release_date": "2023-02-07T21:30:00Z", "expire_date": "2023-02-15T21:30:00Z", "last_use_date": null, "purchases_sum": "0.00", "status": "Inactive", "discount_percent": "0.00", "deleted": false, "orders": []}}, {"model": "main_app.card", "pk": 79, "fields": {"series": "G", "number": "0000000000000061", "release_date": "2023-02-07T21:30:00Z", "expire_date": "2023-02-15T21:30:00Z", "last_use_date": null, "purchases_sum": "0.00", "status": "Inactive", "discount_percent": "0.00", "deleted": false, "orders": []}}, {"model": "main_app.card", "pk": 80, "fields": {"series": "G", "number": "0000000000000062", "release_date": "2023-02-07T21:30:00Z", "expire_date": "2023-02-15T21:30:00Z", "last_use_date": null, "purchases_sum": "0.00", "status": "Inactive", "discount_percent": "0.00", "deleted": false, "orders": []}}, {"model": "main_app.card", "pk": 81, "fields": {"series": "G", "number": "0000000000000063", "release_date": "2023-02-07T21:30:00Z", "expire_date": "2023-02-15T21:30:00Z", "last_use_date": null, "purchases_sum": "0.00", "status": "Inactive", "discount_percent": "0.00", "deleted": false, "orders": []}}, {"model": "main_app.card", "pk": 82, "fields": {"series": "G", "number": "0000000000000064", "release_date": "2023-02-07T21:30:00Z", "expire_date": "2023-02-15T21:30:00Z", "last_use_date": null, "purchases_sum": "0.00", "status": "Inactive", "discount_percent": "0.00", "deleted": false, "orders": []}}, {"model": "main_app.card", "pk": 83, "fields": {"series": "G", "number": "0000000000000065", "release_date": "2023-02-07T21:30:00Z", "expire_date": "2023-02-15T21:30:00Z", "last_use_date": null, "purchases_sum": "0.00", "status": "Inactive", "discount_percent": "0.00", "deleted": false, "orders": []}}, {"model": "main_app.card", "pk": 84, "fields": {"series": "G", "number": "0000000000000066", "release_date": "2023-02-07T21:30:00Z", "expire_date": "2023-02-15T21:30:00Z", "last_use_date": null, "purchases_sum": "0.00", "status": "Inactive", "discount_percent": "0.00", "deleted": false, "orders": []}}, {"model": "main_app.card", "pk": 85, "fields": {"series": "G", "number": "0000000000000067", "release_date": "2023-02-07T21:30:00Z", "expire_date": "2023-02-15T21:30:00Z", "last_use_date": null, "purchases_sum": "0.00", "status": "Inactive", "discount_percent": "0.00", "deleted": false, "orders": []}}, {"model": "main_app.card", "pk": 86, "fields": {"series": "G", "number": "0000000000000068", "release_date": "2023-02-07T21:30:00Z", "expire_date": "2023-02-15T21:30:00Z", "last_use_date": null, "purchases_sum": "0.00", "status": "Inactive", "discount_percent": "0.00", "deleted": false, "orders": []}}, {"model": "main_app.card", "pk": 87, "fields": {"series": "G", "number": "0000000000000069", "release_date": "2023-02-07T21:30:00Z", "expire_date": "2023-02-15T21:30:00Z", "last_use_date": null, "purchases_sum": "0.00", "status": "Inactive", "discount_percent": "0.00", "deleted": false, "orders": []}}, {"model": "main_app.card", "pk": 88, "fields": {"series": "G", "number": "0000000000000070", "release_date": "2023-02-07T21:30:00Z", "expire_date": "2023-02-15T21:30:00Z", "last_use_date": null, "purchases_sum": "0.00", "status": "Inactive", "discount_percent": "0.00", "deleted": false, "orders": []}}, {"model": "main_app.card", "pk": 89, "fields": {"series": "G", "number": "0000000000000071", "release_date": "2023-02-07T21:30:00Z", "expire_date": "2023-02-15T21:30:00Z", "last_use_date": null, "purchases_sum": "0.00", "status": "Inactive", "discount_percent": "0.00", "deleted": false, "orders": []}}, {"model": "main_app.card", "pk": 90, "fields": {"series": "G", "number": "0000000000000072", "release_date": "2023-02-07T21:30:00Z", "expire_date": "2023-02-15T21:30:00Z", "last_use_date": null, "purchases_sum": "0.00", "status": "Inactive", "discount_percent": "0.00", "deleted": false, "orders": []}}, {"model": "main_app.card", "pk": 91, "fields": {"series": "G", "number": "0000000000000073", "release_date": "2023-02-07T21:30:00Z", "expire_date": "2023-02-15T21:30:00Z", "last_use_date": null, "purchases_sum": "0.00", "status": "Inactive", "discount_percent": "0.00", "deleted": false, "orders": []}}, {"model": "main_app.card", "pk": 92, "fields": {"series": "G", "number": "0000000000000074", "release_date": "2023-02-07T21:30:00Z", "expire_date": "2023-02-15T21:30:00Z", "last_use_date": null, "purchases_sum": "0.00", "status": "Inactive", "discount_percent": "0.00", "deleted": false, "orders": []}}, {"model": "main_app.card", "pk": 93, "fields": {"series": "G", "number": "0000000000000075", "release_date": "2023-02-07T21:30:00Z", "expire_date": "2023-02-15T21:30:00Z", "last_use_date": null, "purchases_sum": "0.00", "status": "Inactive", "discount_percent": "0.00", "deleted": false, "orders": []}}, {"model": "main_app.card", "pk": 94, "fields": {"series": "G", "number": "0000000000000076", "release_date": "2023-02-07T21:30:00Z", "expire_date": "2023-02-15T21:30:00Z", "last_use_date": null, "purchases_sum": "0.00", "status": "Inactive", "discount_percent": "0.00", "deleted": false, "orders": []}}, {"model": "main_app.card", "pk": 95, "fields": {"series": "G", "number": "0000000000000077", "release_date": "2023-02-07T21:30:00Z", "expire_date": "2023-02-15T21:30:00Z", "last_use_date": null, "purchases_sum": "0.00", "status": "Inactive", "discount_percent": "0.00", "deleted": false, "orders": []}}, {"model": "main_app.card", "pk": 96, "fields": {"series": "G", "number": "0000000000000078", "release_date": "2023-02-07T21:30:00Z", "expire_date": "2023-02-15T21:30:00Z", "last_use_date": null, "purchases_sum": "0.00", "status": "Inactive", "discount_percent": "0.00", "deleted": false, "orders": []}}, {"model": "main_app.card", "pk": 97, "fields": {"series": "G", "number": "0000000000000079", "release_date": "2023-02-07T21:30:00Z", "expire_date": "2023-02-15T21:30:00Z", "last_use_date": null, "purchases_sum": "0.00", "status": "Inactive", "discount_percent": "0.00", "deleted": false, "orders": []}}, {"model": "main_app.card", "pk": 98, "fields": {"series": "G", "number": "0000000000000080", "release_date": "2023-02-07T21:30:00Z", "expire_date": "2023-02-15T21:30:00Z", "last_use_date": null, "purchases_sum": "0.00", "status": "Inactive", "discount_percent": "0.00", "deleted": false, "orders": []}}, {"model": "main_app.card", "pk": 99, "fields": {"series": "G", "number": "0000000000000081", "release_date": "2023-02-07T21:30:00Z", "expire_date": "2023-02-15T21:30:00Z", "last_use_date": null, "purchases_sum": "0.00", "status": "Inactive", "discount_percent": "0.00", "deleted": false, "orders": []}}, {"model": "main_app.card", "pk": 100, "fields": {"series": "G", "number": "0000000000000082", "release_date": "2023-02-07T21:30:00Z", "expire_date": "2023-02-15T21:30:00Z", "last_use_date": null, "purchases_sum": "0.00", "status": "Inactive", "discount_percent": "0.00", "deleted": false, "orders": []}}, {"model": "main_app.card", "pk": 101, "fields": {"series": "G", "number": "0000000000000083", "release_date": "2023-02-07T21:30:00Z", "expire_date": "2023-02-15T21:30:00Z", "last_use_date": null, "purchases_sum": "0.00", "status": "Inactive", "discount_percent": "0.00", "deleted": false, "orders": []}}, {"model": "main_app.card", "pk": 102, "fields": {"series": "G", "number": "0000000000000084", "release_date": "2023-02-07T21:30:00Z", "expire_date": "2023-02-15T21:30:00Z", "last_use_date": null, "purchases_sum": "0.00", "status": "Inactive", "discount_percent": "0.00", "deleted": false, "orders": []}}, {"model": "main_app.card", "pk": 103, "fields": {"series": "G", "number": "0000000000000085", "release_date": "2023-02-07T21:30:00Z", "expire_date": "2023-02-15T21:30:00Z", "last_use_date": null, "purchases_sum": "0.00", "status": "Inactive", "discount_percent": "0.00", "deleted": false, "orders": []}}, {"model": "main_app.card", "pk": 104, "fields": {"series": "G", "number": "0000000000000086", "release_date": "2023-02-07T21:30:00Z", "expire_date": "2023-02-15T21:30:00Z", "last_use_date": null, "purchases_sum": "0.00", "status": "Inactive", "discount_percent": "0.00", "deleted": false, "orders": []}}, {"model": "main_app.card", "pk": 105, "fields": {"series": "G", "number": "0000000000000087", "release_date": "2023-02-07T21:30:00Z", "expire_date": "2023-02-15T21:30:00Z", "last_use_date": null, "purchases_sum": "0.00", "status": "Inactive", "discount_percent": "0.00", "deleted": false, "orders": []}}, {"model": "main_app.card", "pk": 106, "fields": {"series": "G", "number": "0000000000000088", "release_date": "2023-02-07T21:30:00Z", "expire_date": "2023-02-15T21:30:00Z", "last_use_date": null, "purchases_sum": "0.00", "status": "Inactive", "discount_percent": "0.00", "deleted": false, "orders": []}}, {"model": "main_app.card", "pk": 107, "fields": {"series": "G", "number": "0000000000000089", "release_date": "2023-02-07T21:30:00Z", "expire_date": "2023-02-15T21:30:00Z", "last_use_date": null, "purchases_sum": "0.00", "status": "Inactive", "discount_percent": "0.00", "deleted": false, "orders": []}}, {"model": "main_app.card", "pk": 108, "fields": {"series": "G", "number": "0000000000000090", "release_date": "2023-02-07T21:30:00Z", "expire_date": "2023-02-15T21:30:00Z", "last_use_date": null, "purchases_sum": "0.00", "status": "Inactive", "discount_percent": "0.00", "deleted": false, "orders": []}}, {"model": "main_app.card", "pk": 109, "fields": {"series": "G", "number": "0000000000000091", "release_date": "2023-02-07T21:30:00Z", "expire_date": "2023-02-15T21:30:00Z", "last_use_date": null, "purchases_sum": "0.00", "status": "Inactive", "discount_percent": "0.00", "deleted": false, "orders": []}}, {"model": "main_app.card", "pk": 110, "fields": {"series": "G", "number": "0000000000000092", "release_date": "2023-02-07T21:30:00Z", "expire_date": "2023-02-15T21:30:00Z", "last_use_date": null, "purchases_sum": "0.00", "status": "Inactive", "discount_percent": "0.00", "deleted": false, "orders": []}}, {"model": "main_app.card", "pk": 111, "fields": {"series": "G", "number": "0000000000000093", "release_date": "2023-02-07T21:30:00Z", "expire_date": "2023-02-15T21:30:00Z", "last_use_date": null, "purchases_sum": "0.00", "status": "Inactive", "discount_percent": "0.00", "deleted": false, "orders": []}}, {"model": "main_app.card", "pk": 112, "fields": {"series": "G", "number": "0000000000000094", "release_date": "2023-02-07T21:30:00Z", "expire_date": "2023-02-15T21:30:00Z", "last_use_date": null, "purchases_sum": "0.00", "status": "Inactive", "discount_percent": "0.00", "deleted": false, "orders": []}}, {"model": "main_app.card", "pk": 113, "fields": {"series": "G", "number": "0000000000000095", "release_date": "2023-02-07T21:30:00Z", "expire_date": "2023-02-15T21:30:00Z", "last_use_date": null, "purchases_sum": "0.00", "status": "Inactive", "discount_percent": "0.00", "deleted": false, "orders": []}}, {"model": "main_app.card", "pk": 114, "fields": {"series": "G", "number": "0000000000000096", "release_date": "2023-02-07T21:30:00Z", "expire_date": "2023-02-15T21:30:00Z", "last_use_date": null, "purchases_sum": "0.00", "status": "Inactive", "discount_percent": "0.00", "deleted": false, "orders": []}}, {"model": "main_app.card", "pk": 115, "fields": {"series": "G", "number": "0000000000000097", "release_date": "2023-02-07T21:30:00Z", "expire_date": "2023-02-15T21:30:00Z", "last_use_date": null, "purchases_sum": "0.00", "status": "Inactive", "discount_percent": "0.00", "deleted": false, "orders": []}}, {"model": "main_app.card", "pk": 116, "fields": {"series": "G", "number": "0000000000000098", "release_date": "2023-02-07T21:30:00Z", "expire_date": "2023-02-15T21:30:00Z", "last_use_date": null, "purchases_sum": "0.00", "status": "Inactive", "discount_percent": "0.00", "deleted": false, "orders": []}}, {"model": "main_app.card", "pk": 117, "fields": {"series": "G", "number": "0000000000000099", "release_date": "2023-02-07T21:30:00Z", "expire_date": "2023-02-15T21:30:00Z", "last_use_date": null, "purchases_sum": "0.00", "status": "Inactive", "discount_percent": "0.00", "deleted": false, "orders": []}}, {"model": "main_app.card", "pk": 118, "fields": {"series": "G", "number": "0000000000000100", "release_date": "2023-02-07T21:30:00Z", "expire_date": "2023-02-15T21:30:00Z", "last_use_date": null, "purchases_sum": "0.00", "status": "Inactive", "discount_percent": "0.00", "deleted": false, "orders": []}}, {"model": "main_app.card", "pk": 119, "fields": {"series": "G", "number": "0000000000000101", "release_date": "2023-02-07T21:30:00Z", "expire_date": "2023-02-15T21:30:00Z", "last_use_date": null, "purchases_sum": "0.00", "status": "Inactive", "discount_percent": "0.00", "deleted": false, "orders": []}}, {"model": "main_app.card", "pk": 120, "fields": {"series": "G", "number": "0000000000000102", "release_date": "2023-02-07T21:30:00Z", "expire_date": "2023-02-15T21:30:00Z", "last_use_date": null, "purchases_sum": "0.00", "status": "Inactive", "discount_percent": "0.00", "deleted": false, "orders": []}}, {"model": "main_app.card", "pk": 121, "fields": {"series": "G", "number": "0000000000000103", "release_date": "2023-02-07T21:30:00Z", "expire_date": "2023-02-15T21:30:00Z", "last_use_date": null, "purchases_sum": "0.00", "status": "Inactive", "discount_percent": "0.00", "deleted": false, "orders": []}}, {"model": "main_app.card", "pk": 122, "fields": {"series": "G", "number": "0000000000000104", "release_date": "2023-02-07T21:30:00Z", "expire_date": "2023-02-15T21:30:00Z", "last_use_date": null, "purchases_sum": "0.00", "status": "Inactive", "discount_percent": "0.00", "deleted": false, "orders": []}}, {"model": "main_app.card", "pk": 123, "fields": {"series": "G", "number": "0000000000000105", "release_date": "2023-02-07T21:30:00Z", "expire_date": "2023-02-15T21:30:00Z", "last_use_date": null, "purchases_sum": "0.00", "status": "Inactive", "discount_percent": "0.00", "deleted": false, "orders": []}}, {"model": "main_app.card", "pk": 124, "fields": {"series": "G", "number": "0000000000000106", "release_date": "2023-02-07T21:30:00Z", "expire_date": "2023-02-15T21:30:00Z", "last_use_date": null, "purchases_sum": "0.00", "status": "Inactive", "discount_percent": "0.00", "deleted": false, "orders": []}}, {"model": "main_app.card", "pk": 125, "fields": {"series": "G", "number": "0000000000000107", "release_date": "2023-02-07T21:30:00Z", "expire_date": "2023-02-15T21:30:00Z", "last_use_date": null, "purchases_sum": "0.00", "status": "Inactive", "discount_percent": "0.00", "deleted": false, "orders": []}}, {"model": "main_app.card", "pk": 126, "fields": {"series": "G", "number": "0000000000000108", "release_date": "2023-02-07T21:30:00Z", "expire_date": "2023-02-15T21:30:00Z", "last_use_date": null, "purchases_sum": "0.00", "status": "Inactive", "discount_percent": "0.00", "deleted": false, "orders": []}}, {"model": "main_app.card", "pk": 127, "fields": {"series": "G", "number": "0000000000000109", "release_date": "2023-02-07T21:30:00Z", "expire_date": "2023-02-15T21:30:00Z", "last_use_date": null, "purchases_sum": "0.00", "status": "Inactive", "discount_percent": "0.00", "deleted": false, "orders": []}}, {"model": "main_app.card", "pk": 128, "fields": {"series": "G", "number": "0000000000000110", "release_date": "2023-02-07T21:30:00Z", "expire_date": "2023-02-15T21:30:00Z", "last_use_date": null, "purchases_sum": "0.00", "status": "Inactive", "discount_percent": "0.00", "deleted": false, "orders": []}}, {"model": "main_app.card", "pk": 129, "fields": {"series": "G", "number": "0000000000000111", "release_date": "2023-02-07T21:30:00Z", "expire_date": "2023-02-15T21:30:00Z", "last_use_date": null, "purchases_sum": "0.00", "status": "Inactive", "discount_percent": "0.00", "deleted": false, "orders": []}}, {"model": "main_app.card", "pk": 130, "fields": {"series": "AA", "number": "0000000000000001", "release_date": "2023-02-11T21:30:00Z", "expire_date": "2023-02-12T21:30:00Z", "last_use_date": null, "purchases_sum": "0.00", "status": "Inactive", "discount_percent": "0.00", "deleted": false, "orders": []}}, {"model": "main_app.card", "pk": 131, "fields": {"series": "TEST", "number": "0000000000000001", "release_date": "2023-02-09T21:30:00Z", "expire_date": "2023-02-12T21:30:00Z", "last_use_date": null, "purchases_sum": "0.00", "status": "Active", "discount_percent": "0.00", "deleted": false, "orders": []}}, {"model": "main_app.card", "pk": 132, "fields": {"series": "TTTT", "number": "0000000000000001", "release_date": "2023-02-09T21:00:00Z", "expire_date": "2023-02-22T21:00:00Z", "last_use_date": null, "purchases_sum": "0.00", "status": "Inactive", "discount_percent": "0.00", "deleted": false, "orders": []}}, {"model": "main_app.order", "pk": 1, "fields": {"date": "2023-02-06T16:00:00Z", "sum": "105.00", "discount_percent": "5.00", "discount_calculation": "5.25"}}, {"model": "main_app.order", "pk": 2, "fields": {"date": "2023-02-10T14:56:00Z", "sum": "783.00", "discount_percent": "7.00", "discount_calculation": "54.81"}}, {"model": "main_app.order", "pk": 9, "fields": {"date": "2023-02-11T00:12:50.874Z", "sum": "300.00", "discount_percent": "0.00", "discount_calculation": "0.00"}}, {"model": "main_app.order", "pk": 10, "fields": {"date": "2023-02-11T00:15:21.869Z", "sum": "300.00", "discount_percent": "0.00", "discount_calculation": "0.00"}}, {"model": "main_app.order", "pk": 11, "fields": {"date": "2023-02-11T00:19:20.086Z", "sum": "300.00", "discount_percent": "0.00", "discount_calculation": "0.00"}}, {"model": "main_app.order", "pk": 12, "fields": {"date": "2023-02-11T00:21:51.170Z", "sum": "300.00", "discount_percent": "0.00", "discount_calculation": "0.00"}}, {"model": "main_app.order", "pk": 13, "fields": {"date": "2023-02-11T00:30:16.542Z", "sum": "300.00", "discount_percent": "0.00", "discount_calculation": "0.00"}}, {"model": "main_app.order", "pk": 14, "fields": {"date": "2023-02-11T00:32:17.665Z", "sum": "300.00", "discount_percent": "0.00", "discount_calculation": "0.00"}}, {"model": "main_app.order", "pk": 15, "fields": {"date": "2023-02-11T00:34:08.159Z", "sum": "300.00", "discount_percent": "0.00", "discount_calculation": "0.00"}}, {"model": "main_app.order", "pk": 16, "fields": {"date": "2023-02-11T00:36:59.523Z", "sum": "300.00", "discount_percent": "0.00", "discount_calculation": "0.00"}}, {"model": "main_app.order", "pk": 17, "fields": {"date": "2023-02-11T00:38:47.408Z", "sum": "300.00", "discount_percent": "0.00", "discount_calculation": "0.00"}}, {"model": "main_app.order", "pk": 18, "fields": {"date": "2023-02-11T00:39:32.750Z", "sum": "300.00", "discount_percent": "0.00", "discount_calculation": "0.00"}}, {"model": "main_app.order", "pk": 19, "fields": {"date": "2023-02-11T00:40:59.509Z", "sum": "300.00", "discount_percent": "0.00", "discount_calculation": "0.00"}}, {"model": "main_app.order", "pk": 20, "fields": {"date": "2023-02-11T00:43:44.522Z", "sum": "300.00", "discount_percent": "0.00", "discount_calculation": "0.00"}}, {"model": "main_app.order", "pk": 21, "fields": {"date": "2023-02-14T00:14:40.535Z", "sum": "300.00", "discount_percent": "0.00", "discount_calculation": "0.00"}}, {"model": "main_app.item", "pk": 1, "fields": {"order": 1, "name": "Картофель", "price": "50.00", "discounted_price": "47.50"}}, {"model": "main_app.item", "pk": 2, "fields": {"order": 1, "name": "Морковь", "price": "20.00", "discounted_price": "19.00"}}, {"model": "main_app.item", "pk": 3, "fields": {"order": 1, "name": "Мука", "price": "35.00", "discounted_price": "33.25"}}, {"model": "main_app.item", "pk": 4, "fields": {"order": 2, "name": "Куриное филе", "price": "150.00", "discounted_price": "139.50"}}, {"model": "main_app.item", "pk": 5, "fields": {"order": 2, "name": "Морковь", "price": "35.00", "discounted_price": "32.55"}}, {"model": "main_app.item", "pk": 6, "fields": {"order": 2, "name": "Молоко", "price": "300.00", "discounted_price": "279.00"}}, {"model": "main_app.item", "pk": 7, "fields": {"order": 2, "name": "Консервы", "price": "98.00", "discounted_price": "91.14"}}, {"model": "main_app.item", "pk": 8, "fields": {"order": 2, "name": "Красная рыба", "price": "200.00", "discounted_price": "186.00"}}, {"model": "main_app.item", "pk": 11, "fields": {"order": 9, "name": "Item 1", "price": "100.00", "discounted_price": "100.00"}}, {"model": "main_app.item", "pk": 12, "fields": {"order": 9, "name": "Item 2", "price": "200.00", "discounted_price": "200.00"}}, {"model": "main_app.item", "pk": 13, "fields": {"order": 10, "name": "Item 1", "price": "100.00", "discounted_price": "100.00"}}, {"model": "main_app.item", "pk": 14, "fields": {"order": 10, "name": "Item 2", "price": "200.00", "discounted_price": "200.00"}}, {"model": "main_app.item", "pk": 15, "fields": {"order": 11, "name": "Item 1", "price": "100.00", "discounted_price": "100.00"}}, {"model": "main_app.item", "pk": 16, "fields": {"order": 11, "name": "Item 2", "price": "200.00", "discounted_price": "200.00"}}, {"model": "main_app.item", "pk": 17, "fields": {"order": 12, "name": "Item 1", "price": "100.00", "discounted_price": "100.00"}}, {"model": "main_app.item", "pk": 18, "fields": {"order": 12, "name": "Item 2", "price": "200.00", "discounted_price": "200.00"}}, {"model": "main_app.item", "pk": 19, "fields": {"order": 13, "name": "Item 1", "price": "100.00", "discounted_price": "100.00"}}, {"model": "main_app.item", "pk": 20, "fields": {"order": 13, "name": "Item 2", "price": "200.00", "discounted_price": "200.00"}}, {"model": "main_app.item", "pk": 21, "fields": {"order": 14, "name": "Item 1", "price": "100.00", "discounted_price": "100.00"}}, {"model": "main_app.item", "pk": 22, "fields": {"order": 14, "name": "Item 2", "price": "200.00", "discounted_price": "200.00"}}, {"model": "main_app.item", "pk": 23, "fields": {"order": 15, "name": "Item 1", "price": "100.00", "discounted_price": "100.00"}}, {"model": "main_app.item", "pk": 24, "fields": {"order": 15, "name": "Item 2", "price": "200.00", "discounted_price": "200.00"}}, {"model": "main_app.item", "pk": 25, "fields": {"order": 16, "name": "Item 1", "price": "100.00", "discounted_price": "100.00"}}, {"model": "main_app.item", "pk": 26, "fields": {"order": 16, "name": "Item 2", "price": "200.00", "discounted_price": "200.00"}}, {"model": "main_app.item", "pk": 27, "fields": {"order": 17, "name": "Item 1", "price": "100.00", "discounted_price": "100.00"}}, {"model": "main_app.item", "pk": 28, "fields": {"order": 17, "name": "Item 2", "price": "200.00", "discounted_price": "200.00"}}, {"model": "main_app.item", "pk": 29, "fields": {"order": 20, "name": "Item 1", "price": "100.00", "discounted_price": "100.00"}}, {"model": "main_app.item", "pk": 30, "fields": {"order": 20, "name": "Item 2", "price": "200.00", "discounted_price": "200.00"}}, {"model": "main_app.item", "pk": 31, "fields": {"order": 21, "name": "Item 1", "price": "100.00", "discounted_price": "100.00"}}, {"model": "main_app.item", "pk": 32, "fields": {"order": 21, "name": "Item 2", "price": "200.00", "discounted_price": "200.00"}}, {"model": "main_app.basket", "pk": 6, "fields": {"card": 9, "date_added": "2023-02-09T00:01:30.214Z"}}, {"model": "main_app.basket", "pk": 7, "fields": {"card": 18, "date_added": "2023-02-09T00:01:32.802Z"}}]